"lesson_id","cefr_level","title","category","learning_objective","summary","explanation","rule","example_dutch_1","example_english_1","example_dutch_2","example_english_2","common_mistake","notes","sort_order","estimated_minutes","is_sample"
"a2-main-clause-order","A2","Placing objects and adverbs","Word Order","Place known objects and frequency adverbs inside a longer main clause.","Extend verb-second order using a sentence bracket and the information the listener already knows.","A main clause can have a bracket: the finite verb is near the beginning, while a participle or infinitive is near the end. Objects and adverbs usually fit between them: ik heb het boek gisteren gelezen. A known definite object often comes before new time or manner information.

Frequency adverbs such as vaak, meestal and soms commonly follow the finite verb and subject: ik lees vaak in de trein. An unstressed object pronoun usually comes early: ik zie hem vaak. A new indefinite object can come later: ik koop morgen een boek.

These are useful neutral patterns, not a single rigid order for every sentence. Stress and context can move full noun phrases. Keep the finite verb second when a time phrase opens the clause: gisteren heb ik het boek gelezen.","Keep finite and non-finite verb positions stable; place unstressed or already-known objects early and fit adverbs inside the bracket.","Ik heb het boek gisteren gelezen.","I read the book yesterday.","Morgen wil ik een nieuwe fiets kopen.","Tomorrow I want to buy a new bicycle.","Do not force every object after place information. 'Ik zie hem vaak op school' puts the unstressed object hem early.","This extends A1 time-manner-place with object placement; Dutch permits alternatives when emphasis changes.","33","5","false"
"a2-object-pronoun-order","A2","Putting object pronouns in place","Pronouns","Place unstressed objects and distinguish practical ze from formal hen and hun.","Use a natural object order in sentences about giving, seeing and helping.","Unstressed object pronouns normally occur early in the middle of a clause: ik heb hem gisteren gezien. With a pronoun for the thing and a full noun phrase for the recipient, put the pronoun first: ik geef het aan mijn buurman. With two short pronouns, a useful pattern is ik geef het hem. Full noun objects can use a different order: ik geef mijn buurman het boek.

Ze is a common unstressed plural object referring to people. In careful formal usage, hen is a direct object or follows a preposition; hun is an indirect object without a preposition: ik zie hen, ik geef hun een boek, ik geef een boek aan hen.

Use these distinctions for recognition and careful writing. In everyday speech, ze often avoids the formal choice when no emphasis is needed. Never use hun as the subject in standard written Dutch.","Place unstressed pronouns early; formal hen is a direct or prepositional object, while hun is an indirect object without a preposition.","Ik geef het hem morgen.","I will give it to him tomorrow.","Ik heb ze gisteren gezien.","I saw them yesterday.","In careful writing use 'aan hen', not 'aan hun'; the preposition requires hen in this distinction.","Possessive hun in hun huis is a different use and is standard. Pronoun combinations with strong contrast can have a different order.","34","6","false"
"a2-reflexive-verbs","A2","Talking about actions involving yourself","Pronouns","Choose the reflexive pronoun that matches the subject of an everyday verb.","Talk about washing, feeling and getting ready with me, je and zich.","A reflexive pronoun refers back to the subject: ik was me means I wash myself. The basic forms are ik-me, jij-je, hij/zij-zich, wij-ons, jullie-je and zij plural-zich. With formal u, both u and zich occur: u wast u or u wast zich.

Some verbs commonly need a reflexive pronoun in their usual meaning, such as zich vergissen (be mistaken) and zich voelen (feel). Others allow a contrast: ik was me versus ik was de auto. Learn the reflexive pattern as part of the verb's vocabulary entry.

The reflexive pronoun occupies an object position, usually early: ik voel me vandaag beter. Do not add zelf automatically. Mezelf and zichzelf add emphasis or are required in particular constructions; the short forms are sufficient in the everyday examples here.","Match the reflexive pronoun to the subject; use zich for third-person singular and plural, and normally je with jullie.","Ik voel me vandaag goed.","I feel well today.","Jullie vergissen je.","You are mistaken.","Say 'Jullie vergissen je', not 'Jullie vergissen zich'. Zich belongs to third-person subjects or formal u.","English yourselves is plural in the second example; ordinary Dutch still uses je after jullie.","35","5","false"
"a2-possessive-extensions","A2","Expressing possession without repeating a noun","Possession","Express ownership with van plus a pronoun and with a person's name.","Answer whose questions without repeating a possessive noun phrase.","To say that something belongs to someone, use van with an object pronoun: deze fiets is van mij; die tas is van haar. This differs from a possessive before a noun: mijn fiets. Ask van wie to find the owner: van wie is deze jas?

A name can take a possessive ending: Piets fiets. If the name ends in a long vowel written with one letter, an apostrophe helps preserve pronunciation: Anna's boek. Names ending in a pronounced s-sound usually take only an apostrophe: Max' fiets. A final unstressed e normally needs no apostrophe: Annes tas.

The construction de fiets van Piet is also available and is often the simplest choice when a name's spelling is unfamiliar.","Use van + object pronoun after zijn for ownership; name possessives follow Dutch spelling rules, as in Piets fiets and Anna's boek.","Deze jas is van mij.","This coat is mine.","Dat is Anna's fiets.","That is Anna's bicycle.","Say 'Deze jas is van mij', not 'Deze jas is mijn'. Mijn normally needs a following noun in this use.","De mijne and de jouwe are additional forms to recognise later; van mij and van jou are a clear productive starting point.","36","4","false"
"a2-demonstrative-extensions","A2","Using demonstratives on their own","Pronouns","Use standalone die/dat and distinguish them from identification with dit zijn.","Avoid repeating a noun while keeping agreement and meaning clear.","A demonstrative can stand alone when the noun is understood. Refer to a singular de-word or a plural with die or deze, and to a singular het-word with dat or dit: welke jas? Die is mooi. Welk boek? Dat is interessant. The form follows the understood noun.

Identification is a separate pattern. Dit and dat can introduce people or things with zijn even when the following noun is plural: dit zijn mijn buren; dat zijn onze fietsen. The verb agrees with the plural identification.

Compare die zijn nieuw, referring back to particular bicycles, with dat zijn fietsen, identifying what you see. Do not apply the before-a-noun rule mechanically to every standalone dit or dat.","Standalone reference normally follows the noun's de/het and number; identifying dit/dat zijn can introduce a plural noun phrase.","Welke jas bedoel je? Die is van mij.","Which coat do you mean? That one is mine.","Dit zijn mijn buren.","These are my neighbours.","In an identification, say 'Dit zijn mijn buren', not 'Dit is mijn buren'. Use zijn with the plural noun phrase.","The two sentences in the first example provide the noun needed to interpret standalone die.","37","4","false"
"a2-adjective-extensions","A2","Handling adjective spelling and exceptions","Adjectives","Apply adjective spelling changes and recognise common exceptions to the basic -e pattern.","Handle grote, dikke and houten, and recognise fixed phrases without overgeneralising them.","When adding -e, preserve the original vowel sound: groot-grote, wit-witte, lief-lieve and boos-boze. A long doubled vowel often becomes single in an open syllable, while a short vowel may need a doubled consonant. Changes from f to v and s to z occur in many adjectives but are not universal.

Material adjectives ending in -en generally do not gain another -e: een houten tafel, het gouden horloge. Not every material adjective ends in -en: plastic is also normally unchanged.

Some conventional profession or role expressions omit -e, such as een goed journalist. They describe professional ability and should be learned as established combinations. Een goede journalist is also an ordinary grammatical phrase. Do not turn the special pattern into a rule for every description of a person.","Preserve pronunciation when adding -e; material adjectives ending in -en stay unchanged, and fixed role expressions must be learned individually.","We hebben een houten tafel.","We have a wooden table.","De grote kamer heeft witte muren.","The large room has white walls.","Write 'een houten tafel', not 'een houtene tafel'. The material adjective already ends in -en.","The A1 de/het pattern remains the default. Exceptions do not justify dropping -e freely.","38","5","false"
"a2-quantities","A2","Expressing amounts and groups","Pronouns","Choose quantity words with singular, plural and uncountable nouns.","Express amounts and groups using veel, weinig, genoeg, alle, sommige and elk.","Veel and weinig work with plural count nouns and uncountable nouns: veel boeken, weinig tijd. Genoeg means enough: genoeg stoelen, genoeg water. Do not add een merely because English uses a little or a lot. Een beetje water is a useful separate phrase for a small amount.

Alle and sommige commonly precede plural nouns: alle kinderen, sommige winkels. The plural noun requires a plural verb. Elk and ieder refer to each member separately and take a singular noun and verb. Use elke/iedere with a de-word and elk/ieder with a singular het-word: elke dag, elk huis.

Compare alle huizen zijn groot with elk huis is groot. Both concern a group, but their grammatical number differs.","Use plural agreement with alle/sommige plus plural nouns; use singular agreement with elk/ieder and choose -e according to de or het.","Elke leerling heeft genoeg tijd.","Every student has enough time.","Sommige winkels zijn op zondag open.","Some shops are open on Sundays.","Say 'Elk huis is anders', not 'Elk huis zijn anders'. Elk selects a singular noun and verb.","This lesson focuses on quantity before nouns. Er replacing a counted noun is introduced separately.","39","4","false"
"a2-niet-scope","A2","Placing niet in longer sentences","Negation","Use niet to deny a whole action or contrast one part of a longer sentence.","Place negation around definite objects, final verbs and contrasted information.","In a neutral denial of an action, niet commonly follows a definite object or object pronoun and comes before the final infinitive or participle: ik heb hem niet gezien; ik wil dat boek niet kopen. Descriptive adjectives and closely connected location phrases can also follow niet: zij is niet moe; hij woont niet in Leiden.

For an explicit contrast, place niet directly before the contrasted element: niet vandaag, maar morgen. Moving it can change what the speaker is correcting. Ik heb niet dit boek gekocht, maar dat boek contrasts the books rather than denying any purchase.

Keep geen for a normal indefinite noun denial: ik heb geen boek gekocht. Word order depends on the intended meaning; a sentence should not be rejected merely because niet is not in one fixed slot.","Neutral niet commonly follows definite objects and precedes final verbs; contrastive niet stands before the element being corrected.","Ik heb hem gisteren niet gezien.","I did not see him yesterday.","Ik kom niet vandaag, maar morgen.","I am coming tomorrow, not today.","Do not put niet after the final infinitive in a neutral sentence: use 'Ik wil dat boek niet kopen'.","Contrast can make orders possible that would sound unusual without context. The examples supply that context explicitly.","40","5","false"
"a2-negative-words","A2","Using nooit, niemand, niets and nergens","Negation","Negate people, things, places and frequency with a single suitable negative word.","Use niemand, niets, nergens and nooit without adding an unnecessary niet.","Niemand means nobody, niets means nothing, nergens means nowhere and nooit means never. These words already make the relevant part of the sentence negative. In ordinary standard Dutch, do not add niet to express the same single negation.

Niemand and niets can be subjects: niemand komt; niets helpt. They take a singular verb. They can also be objects: ik zie niemand; ik hoor niets. Nooit gives negative frequency, while nergens gives a negative place: ik werk nooit op zondag; ik kan mijn sleutels nergens vinden.

Choose the word by the meaning you need. Geen koffie negates an indefinite noun phrase; niets means no thing at all in the relevant context. Spoken dialectal double negatives are outside this standard beginner pattern.","Niemand, niets, nergens and nooit already express negation; do not add niet for the same ordinary negative meaning.","Niemand is thuis.","Nobody is at home.","Ik werk nooit op zondag.","I never work on Sundays.","Say 'Ik hoor niets', not 'Ik hoor niet niets', when you mean that you hear nothing. The second wording creates a different meaning.","Deliberate double negation can mean something different, but it is not needed for these basic statements.","41","4","false"
"a2-not-yet-no-longer","A2","Distinguishing nog niet and niet meer","Negation","Distinguish something that has not happened yet from something that has stopped being true.","Choose nog niet, niet meer, nog geen or geen ... meer.","Nog niet means not yet: the situation is not true now, but may become true. Niet meer means no longer or not anymore: it was true before and has stopped. Compare ik werk nog niet with ik werk niet meer.

With an indefinite noun phrase, geen follows the same meaning contrast: ik heb nog geen fiets means I do not have a bicycle yet; ik heb geen fiets meer means I no longer have a bicycle. Put meer after the noun phrase in this common pattern.

In a perfect sentence, nog niet normally precedes the participle: ik heb nog niet gegeten. With an adjective, it precedes the adjective: de winkel is nog niet open. The tense and context tell you what change is expected or completed.","Use nog niet/nog geen for not yet and niet meer/geen ... meer for a situation that is no longer true.","Ik heb nog niet gegeten.","I have not eaten yet.","Zij woont hier niet meer.","She does not live here anymore.","Do not translate not anymore as 'nog niet': 'Ik rook niet meer' means that I have stopped smoking.","Nog without negation can mean still; meer without negation can mean more. Learn the complete combinations.","42","4","false"
"a2-omdat","A2","Giving a reason with omdat","Conjunctions","Give a reason with omdat and put a single finite verb at the end of its clause.","Build the first subordinate-clause pattern and contrast it with want.","Omdat introduces a subordinate clause giving a reason. A subordinate clause is a clause attached to another clause; its verb pattern differs from a main clause. With one verb, put that verb at the end: ik blijf thuis omdat ik ziek ben. The subject still normally comes near the start after omdat.

Want gives a reason with main-clause order instead: ik blijf thuis, want ik ben ziek. The two connectors can express a similar reason, but their word orders are not interchangeable.

Keep the omdat clause after the main clause for this first step. Later lessons put it first and add two-verb groups. A comma can help readability, but punctuation does not change the verb pattern.","After omdat, a clause with one verb places its finite verb at the end; after want, keep main-clause verb-second order.","Ik blijf thuis omdat ik ziek ben.","I am staying home because I am ill.","We nemen de bus omdat het regent.","We are taking the bus because it is raining.","Use 'omdat ik ziek ben', not 'omdat ik ben ziek'. The finite verb closes this subordinate clause.","The word order with two verbs is introduced after the participle lessons; this lesson deliberately uses one verb per subordinate clause.","43","5","false"
"a2-dat-clauses","A2","Reporting an idea with dat","Conjunctions","Report a thought, belief or piece of knowledge with a dat clause.","Attach the content of an idea to verbs such as denken and weten.","Dat can introduce the content of a thought or statement: ik denk dat hij thuis is. Here dat means that and is a conjunction, not the demonstrative in dat huis. The dat clause uses subordinate word order, so a single finite verb comes at the end.

Useful openings include ik denk dat, ik weet dat, zij zegt dat and we hopen dat. Each clause has its own subject and verb. English sometimes omits that, but keeping dat is the clear Dutch pattern to learn here.

This lesson concerns simple present content: what someone thinks or says now. It does not teach a mechanical English-style sequence-of-tenses rule. Choosing tenses in a longer report depends on when the events are true.","Use dat to introduce the content after denken, weten or zeggen, and put the subordinate clause's single finite verb last.","Ik denk dat de winkel open is.","I think that the shop is open.","Zij zegt dat haar broer in Delft woont.","She says that her brother lives in Delft.","Write 'dat de winkel open is', not 'dat de winkel is open'.","Advanced reported speech and tense shifts are reserved for later study.","44","4","false"
"a2-als-wanneer","A2","Using als and wanneer","Conjunctions","Use als or wanneer for conditions and repeated or future times.","Connect an action to a situation using subordinate-clause order.","Als can mean if for a condition or when for a repeated or future situation: ik neem een jas mee als het koud is. Wanneer often focuses on when something happens and can introduce a similar time clause. The context decides whether a situation is uncertain or expected.

Both introduce subordinate word order: a single finite verb comes at the end. For a normal future condition, Dutch can use the present in both clauses: we gaan wandelen als het droog is. You do not need zullen merely because the walk is in the future.

Use this lesson for general, repeated or future situations. A single event at a particular time in the past normally uses toen, introduced with the simple past. An indirect question about when something happens is a separate A2 lesson.","Use als for a condition or repeated/future time and wanneer for a time connection, with subordinate verb-final order.","We gaan wandelen als het droog is.","We will go for a walk if it is dry.","Ik bel je wanneer ik thuis ben.","I will call you when I am home.","Say 'als het droog is', not 'als het is droog'. A future meaning does not remove subordinate-clause order.","Als and wanneer overlap in many time clauses; they are not a universal one-to-one equivalent of English if and when.","45","4","false"
"a2-fronted-subclauses","A2","Putting a subordinate clause first","Word Order","Start with a subordinate clause and invert the following main clause correctly.","Treat a whole opening clause as the first position of the main sentence.","A reason or time clause can come first: omdat ik ziek ben, blijf ik thuis. Inside the opening clause, keep subordinate order. After it, the main finite verb comes before its subject. The entire opening clause occupies the first position, however many words it contains.

Compare ik blijf thuis omdat ik ziek ben with omdat ik ziek ben, blijf ik thuis. The meaning is similar, but the starting point of the message changes. A comma helps show the boundary between the two clauses.

Apply the same pattern with als or wanneer: als de les begint, zet ik mijn telefoon uit. Do not count the individual words in the subordinate clause when applying the verb-second rule.","An opening subordinate clause fills position one; follow it with the main finite verb and then the main subject.","Omdat ik ziek ben, blijf ik thuis.","Because I am ill, I am staying home.","Als het regent, nemen we de bus.","If it rains, we will take the bus.","Write 'Als het regent, nemen we ...', not 'Als het regent, we nemen ...'.","This is the same inversion principle as morgen ga ik, now with a whole clause in the opening position.","46","5","false"
"a2-terwijl-voordat","A2","Linking actions with terwijl and voordat","Conjunctions","Link simultaneous actions with terwijl and an earlier action with voordat.","Express while and before using two clearly ordered clauses.","Terwijl often means while and connects actions happening at the same time: ik kook terwijl jij de tafel dekt. Voordat means before: ik was mijn handen voordat ik eet. Both introduce subordinate clauses with the finite verb at the end.

Either clause can open the sentence. If the subordinate clause comes first, invert the main clause: voordat ik eet, was ik mijn handen. Here was is the present of wassen, not the past of zijn; context and the rest of the phrase identify the verb.

Keep both clauses in the present while practising their relationship. Later you can combine the connectors with past forms. Terwijl can also express a contrast, but simultaneous actions are the productive focus here.","Use terwijl for simultaneous actions and voordat for before; both take subordinate order and trigger inversion when their clause comes first.","Ik kook terwijl jij de tafel dekt.","I cook while you set the table.","Voordat ik eet, was ik mijn handen.","Before I eat, I wash my hands.","Voordat introduces the later event in 'Ik was mijn handen voordat ik eet': washing happens before eating, not after it.","Nadat is taught separately once perfect-tense subordinate clauses are available.","47","4","false"
"a2-perfect-auxiliaries","A2","Choosing hebben or zijn by meaning","Perfect Tense","Choose hebben or zijn for common activity, directed-motion and change-of-state meanings.","Extend memorised perfect forms by comparing different uses of the same movement verb.","Many actions use hebben, especially with a direct object: ik heb de deur geopend. Common changes of state and arrival or departure verbs use zijn: het is begonnen; zij is aangekomen. Learn the auxiliary with the meaning of the verb rather than from a translation alone.

Some movement verbs allow both auxiliaries. Hebben can present an activity or duration: ik heb een uur gefietst. Zijn can present movement towards a destination: ik ben naar huis gefietst. This is not permission to use either auxiliary with every movement verb; gaan and komen normally use zijn in these ordinary meanings.

A direct object often signals hebben, but fixed combinations and special meanings still need checking. Practise common contrasts and consult a dictionary for an unfamiliar verb.","Use hebben for many activities and zijn for many directed movements or changes of state; learn the auxiliary for the verb's particular meaning.","Ik heb een uur gefietst.","I cycled for an hour.","Ik ben naar huis gefietst.","I cycled home.","Do not choose zijn just because an action involves movement: 'Ik heb een uur gefietst' focuses on the activity.","Verbs such as vergeten can change auxiliary with meaning or usage. They should be learned as separate combinations rather than forced into one rule.","48","5","false"
"a2-participle-prefixes","A2","Recognising participles with and without ge-","Perfect Tense","Recognise inseparable prefixes and distinguish them from ordinary verbs ending in -eren.","Choose whether a participle needs ge and check its final spelling separately.","Verbs with an unstressed inseparable prefix such as be-, ge-, her-, ont- or ver- usually do not add another ge- in the participle: betalen-betaald, geloven-geloofd, herkennen-herkend, ontmoeten-ontmoet and vertellen-verteld. Some base verbs are irregular: begrijpen becomes begrepen. Prefix position and the participle ending are separate decisions.

A separable prefix behaves differently: opbellen becomes opgebeld. Learn prefix stress and separability with the verb; not every word beginning with the same letters has the same structure.

An ending in -eren does not itself remove ge in Dutch. Studeren becomes gestudeerd, proberen becomes geprobeerd and organiseren becomes georganiseerd. Preserve spelling marks where necessary, as in informeren-geïnformeerd. Check borrowed or unfamiliar verbs rather than borrowing a rule from another language.","Common unstressed inseparable prefixes block an extra ge-; ordinary -eren verbs such as studeren still form participles with ge-.","Hij heeft in België gestudeerd.","He studied in Belgium.","We hebben de rekening betaald.","We paid the bill.","Write 'gestudeerd', not 'studeerd'. Dutch does not generally drop ge merely because a verb ends in -eren.","The dieresis in geïnformeerd marks separate vowel sounds. Keep the accent in België when copying the example.","49","6","false"
"a2-perfect-subclauses","A2","Putting perfect verbs in subordinate clauses","Perfect Tense","Place a perfect-tense auxiliary and participle together at the end of a subordinate clause.","Recognise both standard orders in a simple two-verb group.","In a main clause, the perfect auxiliary occupies the finite position: ik heb gisteren gewerkt. In a subordinate clause, both the auxiliary and the participle move into a group near the end: omdat ik gisteren heb gewerkt.

For this simple auxiliary-plus-participle group, both orders are standard: omdat ik heb gewerkt and omdat ik gewerkt heb. Neither should be presented as universally wrong. Choose one consistent production pattern at first, while learning to recognise the other.

Keep ordinary objects and time information before the final group: ik weet dat zij de rekening heeft betaald. More complex groups with modals or three verbs have additional possibilities and are outside this introductory lesson.","In a simple perfect subordinate clause, put auxiliary and participle at the end; both heb gewerkt and gewerkt heb are standard orders.","Ik ben moe omdat ik hard heb gewerkt.","I am tired because I have worked hard.","Ik weet dat zij de rekening betaald heeft.","I know that she has paid the bill.","Do not retain main-clause placement in 'omdat ik heb gisteren gewerkt'. Put gisteren before the final verb group.","The two examples intentionally illustrate different accepted orders. Complex modal perfects and three-verb groups are reserved for later study.","50","5","false"
"a2-past-zijn-hebben","A2","Using was, waren, had and hadden","Past Tense","Describe past states and possession with was, waren, had and hadden.","Begin the simple past with two frequent verbs that need no perfect auxiliary.","The simple past expresses past time with a finite past verb. Zijn becomes was for a singular subject and waren for a plural subject. Hebben becomes had and hadden. These forms are useful for describing how things were: het was koud; we hadden weinig tijd.

Use the same form for all singular persons: ik was, jij was, hij was. A fronted time expression still causes inversion: gisteren was ik thuis. Questions put the past finite verb first: had je tijd?

A single past occasion can be introduced by toen: toen ik jong was, woonde ik in Delft. For now, recognise toen ik jong was as a past-time clause; the next lesson explains woonde. Unlike a perfect form, was or had in these state descriptions does not need a participle.","Use singular was/had and plural waren/hadden for simple past states or possession, following the usual finite-verb positions.","Gisteren was ik ziek.","I was ill yesterday.","We hadden weinig tijd.","We had little time.","Say 'Wij waren thuis', not 'Wij was thuis'. All plural subjects take waren.","Had plus a participle forms a different tense, the pluperfect. This lesson uses had as the past of possession only.","51","4","false"
"a2-past-regular","A2","Forming the simple past of regular verbs","Past Tense","Form regular simple-past verbs with -te/-de and plural -ten/-den.","Apply the voiceless-consonant choice while retaining the full past-tense ending.","For a regular verb, add -te or -de to the stem in the singular, and -ten or -den in the plural: ik werkte, wij werkten; ik woonde, wij woonden. Use the same underlying consonant test as for regular participles: voiceless endings take t, and other endings take d. Check the infinitive before final v or z changes spelling: reizen gives reisde, not reiste.

Unlike a participle, the simple past keeps both letters when the stem already ends in t or d: wachten-wachtte and antwoorden-antwoordde. The plural forms are wachtten and antwoordden.

The past finite verb follows normal clause order: gisteren werkte ik; omdat ik gisteren werkte. Do not add hebben or ge- to create a simple-past form.","Regular simple past uses stem + te/de in the singular and ten/den in the plural, retaining doubled t or d where the full ending requires it.","Ik wachtte op de bus.","I waited for the bus.","Vroeger woonden we in Delft.","We used to live in Delft.","Write 'wachtte' in the singular past, not 'wachte'. The stem wacht retains its t before -te.","The perfect participle gewacht has one final t; the simple-past spelling wachtte has two because it includes -te.","52","6","false"
"a2-past-irregular","A2","Using common irregular simple past forms","Past Tense","Use frequent irregular past verbs and past modals in short everyday sentences.","Learn useful singular/plural pairs instead of guessing from the present stem.","Common irregular past pairs include ging-gingen (gaan), kwam-kwamen (komen), deed-deden (doen), zag-zagen (zien), at-aten (eten) and dronk-dronken (drinken). Learn both singular and plural, including spelling changes. All singular persons normally share the same past form.

Useful past modals are kon-konden, mocht-mochten and moest-moesten. They still take an infinitive without te: ik kon niet slapen; we moesten werken. Willen commonly uses wilde-wilden; wou and wouden also occur, particularly in informal usage.

In an account of one past occasion, use toen for when: toen ik thuis kwam, was het laat. A repeated past situation can use als: als het regende, bleven we thuis. Treat uncommon forms as vocabulary to check.","Memorise irregular singular/plural past pairs; a past modal such as kon or moest still takes an infinitive without te.","We gingen gisteren naar de markt.","We went to the market yesterday.","Ik kon vannacht niet slapen.","I could not sleep last night.","Use 'wij gingen', not 'wij ging'. An irregular singular past form still has a distinct plural.","Vannacht can refer to last night or tonight; kon makes the past meaning clear in the example.","53","6","false"
"a2-past-choices","A2","Choosing a past form in everyday stories","Past Tense","Choose a useful past form for an event report or a background description.","Understand common perfect/simple-past preferences without imposing an English tense rule.","In everyday conversation, the perfect often reports a completed event: ik heb gisteren een fiets gekocht. The simple past commonly supplies background, states or a continuing story: het was koud; we hadden weinig tijd; ik liep naar huis.

These are preferences rather than an absolute division between finished and unfinished actions. A simple past can describe a completed event, and the perfect can describe an activity lasting a long time. Both can occur with gisteren. English often translates both Dutch forms with a simple past.

A short account can combine them naturally: ik heb een jas gekocht, want mijn oude jas was kapot. Choose the form that suits the role of the information, while building confidence with common verbs and short stories.","Use the perfect as a practical default for reporting an event and the simple past for many states or narrative backgrounds, while recognising substantial overlap.","Ik heb een jas gekocht, want mijn oude jas was kapot.","I bought a coat because my old coat was damaged.","Toen ik jong was, woonde ik in een dorp.","When I was young, I lived in a village.","Do not reject 'Ik heb gisteren gewerkt' because English normally avoids its present perfect with yesterday. Dutch permits this combination.","Tense choices vary with context and genre. More detailed storytelling and past-before-past sequences belong in later study.","54","5","false"
"a2-nadat","A2","Putting completed actions in sequence with nadat","Conjunctions","Use nadat with a completed first action before a present or future main action.","Express after while preserving the completion and order of two events.","Nadat means after and introduces the action that finishes first. For an everyday plan, a useful pattern combines a perfect subordinate clause with a present main clause: nadat ik heb gegeten, ga ik wandelen. Eating finishes before the walk begins.

Keep both perfect verb parts at the end of the nadat clause. If that clause comes first, the main finite verb precedes its subject. You can also put it second: ik ga wandelen nadat ik heb gegeten. Both orders describe the same event sequence.

A story with two past events may need the pluperfect, such as nadat ik had gegeten. That form is a later extension. Practise the present/future pattern here instead of assuming one tense combination works for every time setting.","For a present/future sequence, nadat + a perfect clause presents a completed first action before the main action.","Nadat ik heb gegeten, ga ik wandelen.","After I have eaten, I will go for a walk.","We drinken koffie nadat we de keuken hebben schoongemaakt.","We will drink coffee after we have cleaned the kitchen.","Do not reverse the events: in 'Nadat ik heb gegeten, ga ik wandelen', eating happens first.","The past-before-past use is identified for recognition only; producing the pluperfect is reserved for B1 follow-up.","55","5","false"
"a2-future-plans","A2","Talking about plans with the present and gaan","Future","Describe a future arrangement with the present or gaan plus an infinitive.","Make plans without adding a future auxiliary to every sentence.","Dutch often uses the present with a future time phrase for an arrangement: morgen werk ik thuis. The time phrase supplies the future meaning. The finite verb still occupies the second position.

Gaan plus an infinitive commonly expresses an intention or an upcoming action: ik ga vanavond koken. The finite forms are ga, gaat and gaan; the action infinitive comes near the end without te. In this construction gaan need not describe physical movement.

Contrast ik ga naar de winkel, where gaan is a movement verb, with ik ga een fiets kopen, where it introduces a planned action. Some contexts allow both interpretations. Use a clear time phrase and a familiar action while practising.","Use the present plus future time for arrangements, or finite gaan + an infinitive without te for a plan or upcoming action.","Morgen werk ik thuis.","I am working from home tomorrow.","We gaan vanavond pasta maken.","We are going to make pasta this evening.","Say 'We gaan koken', not 'We gaan te koken'. Gaan in this pattern does not take te.","Zullen is taught next for offers and predictions. It is not required for every future meaning.","56","4","false"
"a2-future-zullen","A2","Making offers and predictions with zullen","Future","Use zullen for a simple offer, suggestion or prediction.","Recognise the meaning added by zal, zult and zullen.","Useful present forms are ik zal, jij zult/zal, u zult/zal, hij/zij zal and plural zullen. Zullen takes an infinitive without te near the end. It can express a prediction or expectation: het zal morgen regenen.

A question with zal ik often offers help: zal ik de deur openen? Zullen we commonly proposes a shared action: zullen we koffie drinken? These are not merely questions about a fixed future timetable.

For an ordinary arrangement, the present with a time phrase is often enough: morgen kom ik. Choose zullen when its offer, expectation or commitment fits the context. Like other finite verbs, it inverts after an opening phrase or in a yes/no question.","Use zullen + an infinitive without te for offers, shared suggestions and predictions; zal ik and zullen we are useful question patterns.","Zal ik de deur openen?","Shall I open the door?","Het zal morgen regenen.","It will probably rain tomorrow.","Use 'Zullen we koffie drinken?', not 'Zal we koffie drinken?'. We needs the plural form.","Zullen can also express a present assumption. That broader use is left for later study.","57","4","false"
"a2-zou","A2","Making polite requests and imagining possibilities","Modal Verbs","Use zou or zouden for a polite request or a simple imagined situation.","Soften an everyday request and describe what you would do.","Zou is the singular past form of zullen; zouden is plural. These forms also have a useful non-past function: they make a request less direct or describe an imagined possibility. Zou u mij helpen? politely asks for help now.

For a simple hypothetical situation, combine an als clause with a past form and a main clause with zou: als ik meer tijd had, zou ik vaker koken. Keep the infinitive near the end, and invert the main clause after the opening als clause.

Do not assume every occurrence of zou describes a real past event. Context distinguishes a polite request, an imagined situation and other uses. More complex past counterfactuals with several auxiliaries are outside this lesson.","Use singular zou or plural zouden with an infinitive for polite requests and simple would meanings; a fronted condition still triggers inversion.","Zou u mij helpen, alstublieft?","Would you help me, please?","Als ik meer tijd had, zou ik vaker koken.","If I had more time, I would cook more often.","Write 'zou ik vaker koken' after the opening condition, not 'ik zou vaker koken' in that position.","Zou u mij kunnen helpen? is another common polite phrase; it contains an additional infinitive.","58","5","false"
"a2-te-infinitives","A2","Using te before an infinitive","Infinitives","Use te with common infinitive-taking verbs, including hoeven in negative sentences.","Distinguish probeer te werken from moet werken and hoef niet te werken.","Some verbs take te before a following infinitive: ik probeer te slapen; zij begint te werken; we hopen te winnen. Learn whether te is required with the first verb. It is not determined by the English word to alone.

The common modals kunnen, mogen, moeten and willen do not take te in this simple pattern. Hoeven is different: ik hoef niet te werken means I do not have to work. Its present forms are hoef, hoeft and hoeven. It normally appears with a negative or restrictive expression, such as niet, geen or alleen maar.

Place other information before te plus the infinitive: ik probeer elke dag te lezen. This lesson uses unprefixed infinitives; the position of te inside a separable verb is introduced shortly.","Learn which first verb requires te: proberen and beginnen do; common modals such as moeten do not; hoeven normally uses te with a negative or restrictive meaning.","Ik probeer elke dag te lezen.","I try to read every day.","Je hoeft morgen niet te werken.","You do not have to work tomorrow.","Do not confuse 'Je hoeft niet te werken' with 'Je mag niet werken': the first removes necessity; the second forbids working.","Complex verb groups can change the behaviour of te. This lesson covers the simple two-verb pattern only.","59","5","false"
"a2-om-te","A2","Explaining a purpose with om ... te","Infinitives","Explain the purpose of an action with om ... te and an infinitive.","Say why someone does something when the actor of the purpose is understood.","Om ... te introduces a purpose: ik ga naar de winkel om brood te kopen. Om opens the purpose phrase, and te comes directly before its infinitive. Other information, such as the object brood, fits between om and te.

In this common pattern, the main subject also performs the intended action: I go and I buy. There is no separate written subject in the om phrase. Do not insert ik after om.

If the intended actor changes, a full clause is often needed instead. For example, ik bel je omdat jij de informatie hebt gives a reason with an explicit different subject; it is not the same purpose construction. Later study adds zodat for goals and results with a full clause.","For a purpose with an understood actor, use om + other information + te + infinitive, without adding a finite verb or a separate subject.","Ik ga naar de winkel om brood te kopen.","I am going to the shop to buy bread.","We nemen de trein om tijd te besparen.","We are taking the train to save time.","Say 'om brood te kopen', not 'om ik brood koop'. A finite clause is a different structure.","Om also occurs in other infinitive constructions; this focused lesson teaches purpose rather than every use of om.","60","4","false"
"a2-separable-clause-forms","A2","Keeping separable verbs together or apart","Separable Verbs","Choose the joined or split form of a separable verb across three familiar clause patterns.","Contrast ik bel op, omdat ik opbel and ik probeer op te bellen.","A finite separable verb splits in a main clause: ik bel mijn moeder op. In a subordinate clause containing that single verb, the prefix joins it at the end: omdat ik mijn moeder opbel. The verb still agrees with its subject: omdat hij opbelt.

After a modal, keep the infinitive together: ik moet mijn moeder opbellen. With te, put te between the separable prefix and the infinitive base, using separate words: ik probeer mijn moeder op te bellen. The perfect participle remains one word: opgebeld.

The same verb therefore changes its written arrangement because its grammatical job changes. Identify whether it is a main-clause finite verb, a subordinate finite verb, a plain infinitive or a te-infinitive before writing it.","Split the finite verb in a main clause, join it at the end of a simple subordinate clause, and place te between prefix and infinitive base.","Ik weet dat de trein om acht uur aankomt.","I know that the train arrives at eight o'clock.","Ik probeer mijn moeder op te bellen.","I am trying to phone my mother.","Write 'op te bellen', not 'te opbellen', in this te-infinitive construction.","The examples use a single finite subordinate verb or a simple te phrase. Complex verb-cluster splitting is reserved for later study.","61","5","false"
"a2-progressive","A2","Saying what is happening right now","Verbs","Describe an activity in progress with aan het or a common posture-verb construction.","Make it explicit that someone is currently reading, cooking or waiting.","Dutch can describe a current action with an ordinary present verb: ik lees. To emphasise that an activity is in progress, use zijn + aan het + infinitive: ik ben aan het lezen. The infinitive stays unchanged and no te is added.

With suitable actions, zitten, staan or liggen plus te and an infinitive can describe what someone is doing while in that position: zij zit te lezen; we staan te wachten; hij ligt te slapen. The posture verb is finite. These expressions often sound natural for ongoing everyday activities.

Do not translate every English -ing form with aan het. A habit such as I work on Mondays normally uses a plain present sentence. This lesson concerns an activity happening at the relevant moment.","Use zijn + aan het + infinitive for an activity in progress, or a suitable posture verb + te + infinitive.","Ik ben aan het koken.","I am cooking.","Zij zit een boek te lezen.","She is sitting reading a book.","Say 'Ik ben aan het koken', not 'Ik ben aan het te koken'. The aan het pattern has no te.","Past and perfect posture-verb groups add complexity and are outside this introductory lesson.","62","4","false"
"a2-comparatives","A2","Comparing two people or things","Comparisons","Compare two things using -er, common irregular forms and dan or even ... als.","Express a difference or equality without copying English more before every adjective.","Many adjectives form a comparative with -er: klein-kleiner, groot-groter and duur-duurder. Spelling preserves the sound: dik-dikker. After an adjective ending in r, -der is common, as in duurder. Learn irregular forms goed-beter, veel-meer and weinig-minder.

Use dan for a difference: deze tas is groter dan die tas. Use even ... als for equality: mijn tas is even groot als jouw tas. In careful standard usage, keep this distinction.

Before a noun, the comparative follows the usual adjective ending pattern: een grotere tas, een groter huis, het grotere huis. After zijn, use the uninflected comparative: dit huis is groter. Some adjectives prefer meer rather than a simple -er form; learn those separately.","Use a comparative such as groter or beter with dan; use even + the base adjective + als for equality.","Deze fiets is goedkoper dan die fiets.","This bicycle is cheaper than that bicycle.","Mijn kamer is even groot als jouw kamer.","My room is as big as your room.","Say 'groter', not 'meer groter'. Do not mark an ordinary comparative twice.","Colloquial comparison patterns vary; these examples use the conventional careful standard distinction between dan and als.","63","5","false"
"a2-superlatives","A2","Saying which is the biggest or best","Comparisons","Identify the highest degree using -st/-ste and common irregular superlatives.","Distinguish the adjective before a noun from het ...st after a verb.","Many superlatives add -st: klein-kleinst and groot-grootst. Before a noun, use the inflected form with -e: de kleinste kamer, het grootste huis. Adjectives ending in s generally add only -t: vers-verst. Some other forms prefer meest, so check unfamiliar adjectives.

After a verb, het plus the uninflected superlative can compare how something is or happens: deze kamer is het grootst; zij loopt het snelst. Learn the irregular set goed-beter-best, veel-meer-meest and weinig-minder-minst.

A superlative compares within a group or relevant set. Make that set clear from the context, such as the available rooms or the people in a race. Do not confuse grootste with comparative grotere.","Use -ste before a noun, as in het grootste huis, and commonly het + -st after a verb, as in dit huis is het grootst.","Dit is de goedkoopste fiets in de winkel.","This is the cheapest bicycle in the shop.","Van deze drie kamers is deze het grootst.","Of these three rooms, this one is the biggest.","Use 'de beste oplossing', not 'de goedste oplossing'. Goed has the irregular superlative best.","A form such as de grootste can also stand alone when a noun is understood. The examples keep the reference explicit.","64","5","false"
"a2-relative-die-dat","A2","Identifying people and things with die and dat","Relative Clauses","Identify a noun using a short relative clause with die or dat.","Connect the person or thing being described to a clause with a final verb.","A relative clause adds information about a preceding noun, called its antecedent. Use die after a singular de-word or any plural, and dat after a singular het-word: de vrouw die hier woont; het boek dat ik lees.

The relative clause uses subordinate word order. Die or dat may itself be the subject: de man die hier werkt. If another subject is present, it follows the relative word: het boek dat ik lees. Do not repeat an object pronoun for the same noun.

Begin with short identifying clauses directly after the noun. Relative clauses about possession or a preposition require additional forms; those are not needed for this basic die/dat pattern.","Relative die refers to de-words and plurals; relative dat refers to singular het-words, with the clause's finite verb at the end.","De vrouw die hier woont, is mijn buurvrouw.","The woman who lives here is my neighbour.","Het boek dat ik lees, is interessant.","The book that I am reading is interesting.","Say 'het boek dat ik lees', not 'het boek dat ik het lees'. Dat already represents the object in this clause.","Relative wie, wat, whose equivalents and prepositional relative constructions are reserved for later study.","65","6","false"
"a2-indirect-questions","A2","Asking questions inside another sentence","Questions","Embed a yes/no or question-word question using subordinate order.","Ask or report what you do not know after weet u or ik weet niet.","A direct question has question order: waar woont hij? Inside another sentence, use subordinate order instead: weet u waar hij woont? Keep the question word but place the subject before the final verb.

For an embedded yes/no question, use of meaning whether: is de winkel open? becomes ik weet niet of de winkel open is. This of introduces a subordinate clause, unlike the coordinating of that links choices.

The outer sentence determines its punctuation. Weet u waar hij woont? is itself a question; ik weet waar hij woont. is a statement. An indirect question does not need direct-question inversion inside the embedded clause.","Keep the question word, or use of for whether, then apply subordinate word order inside the embedded question.","Weet u waar het station is?","Do you know where the station is?","Ik weet niet of de winkel open is.","I do not know whether the shop is open.","Say 'waar het station is', not 'waar is het station', inside 'Weet u ...?'.","If meaning a condition normally uses als; whether inside an embedded yes/no question uses of.","66","5","false"
"a2-fixed-prepositions","A2","Learning verbs with their prepositions","Prepositions","Use a small set of common verbs with their conventional prepositions.","Learn complete combinations such as wachten op and luisteren naar.","Some verbs select a preposition as part of their usual meaning. Learn wachten op (wait for), luisteren naar (listen to), houden van (like/love), denken aan (think of/about) and praten over (talk about) as complete combinations. A literal translation from English may select the wrong preposition or omit one.

A person after the preposition uses an object pronoun: ik wacht op jou; zij denkt aan hem. Keep the preposition even when the English translation has none, as in ik hou van muziek. Both hou and houd occur as the first-person form of houden.

Use full nouns for things while practising. Referring to things with forms such as erop or eraan requires an additional pronominal-adverb pattern, reserved for later study in this curriculum.","Learn a verb's fixed preposition with its meaning and retain that preposition before a noun or person object pronoun.","Ik wacht op de bus.","I am waiting for the bus.","Zij luistert naar haar docent.","She is listening to her teacher.","Say 'wachten op de bus', not 'wachten voor de bus', for waiting for the bus to arrive. Voor can instead describe a location in front of it.","Different prepositions can change a verb's meaning. Keep this small set distinct before adding more combinations.","67","4","false"
"a2-er-place","A2","Referring back to a place with er","Pronouns","Refer back to a known place with unstressed er.","Distinguish a place reference from introducing a new thing with er is.","Er can refer back to a place already established in the conversation: ken je Delft? Ik woon er. In this use, er means there without strong emphasis. Daar can point to or contrast a location more strongly: daar woon ik, niet hier.

Locative er often comes early after the finite verb and subject: ik werk er elke maandag. It does not tell the listener which place you mean unless the context supplies one. Avoid introducing an unexplained er when the location is new.

This differs from existential er in er is een winkel, which introduces the presence of something. Compare er is een school in mijn straat with ik werk er, referring back to that school. More than one use can interact in longer sentences; practise them separately first.","Use unstressed locative er to refer back to a known place, and daar when pointing to or contrasting a place more strongly.","Ken je Delft? Ik woon er.","Do you know Delft? I live there.","Dat is onze school. Ik werk er op maandag.","That is our school. I work there on Mondays.","Do not use er for a new unexplained location: first name the place so the listener knows what er refers to.","Pronominal combinations such as erin and erop are distinct from this simple place-reference lesson.","68","4","false"
"a2-er-quantity","A2","Using er instead of repeating a counted noun","Pronouns","Use er with a number instead of repeating an understood counted noun.","Answer quantity questions with forms such as ik heb er twee.","When a countable noun is already clear, Dutch often uses er with a number instead of repeating that noun: hoeveel fietsen heb je? Ik heb er twee. The number gives the quantity; er links it to the understood kind of thing.

Place er early in the clause and keep the number in the quantity position: ik wil er drie kopen. With geen, a useful answer is ik heb er geen. For a single item, write één if needed to make the number one clear rather than the unstressed article een.

Do not use this construction while also retaining the same noun in an ordinary neutral sentence: ik heb twee fietsen is already complete. This quantitative er differs from locative er meaning there, although context can bring the uses together.","When omitting a known counted noun, use er with its number or geen: ik heb er twee; ik heb er geen.","Hoeveel fietsen heb je? Ik heb er twee.","How many bicycles do you have? I have two.","Deze appels zijn lekker. Ik wil er drie kopen.","These apples are tasty. I want to buy three.","Use either 'Ik heb twee fietsen' or 'Ik heb er twee'; do not add er while retaining fietsen in this neutral pattern.","English usually omits an equivalent of er in these answers. Quantities referring to uncountable substances need separate patterns.","69","5","false"
"a2-duration","A2","Saying how long something has been true","Prepositions","Distinguish an ongoing duration, a starting point, a past interval and a future interval.","Use al, sinds, geleden and over with the appropriate time perspective.","For a situation that started earlier and is still true, Dutch commonly uses the present: ik woon hier al twee jaar. Al introduces the elapsed duration. Sinds gives a starting point: ik werk hier sinds mei. English often needs have lived or have worked for the same meaning.

Geleden points backwards from now to a past event: ik ben twee jaar geleden verhuisd. It follows the time amount. Over points forwards to an event: over twee weken begint de cursus. It comes before the time amount.

Ask hoe lang for duration: hoe lang woon je hier? Ask sinds wanneer for the starting point. Do not choose the Dutch tense by translating English have word for word; decide whether the situation continues now.","Use the present with al + duration or sinds + starting point for an ongoing situation; use amount + geleden for ago and over + amount for a future interval.","Ik woon hier al twee jaar.","I have lived here for two years.","Over twee weken begint de cursus.","The course starts in two weeks.","For ago, put geleden after the amount: 'twee jaar geleden', not 'geleden twee jaar'.","The perfect 'Ik heb hier twee jaar gewoond' can describe a completed stay rather than an ongoing residence.","70","5","false"
"a2-linking-adverbs","A2","Connecting ideas with daarom and toch","Conjunctions","Connect ideas with daarom or toch while preserving main-clause inversion.","Distinguish an opening linking adverb from a coordinating conjunction.","Daarom means therefore or that is why and presents a consequence: het regent; daarom neem ik de bus. Toch can mean nevertheless or still despite that: het regent; toch ga ik wandelen. As opening adverbs, they occupy position one, so the finite verb comes before the subject.

This differs from a coordinating conjunction such as maar: het regent, maar ik ga wandelen. Maar links the clauses outside the following clause's first position. Daarom and toch can also occur later: ik neem daarom de bus; ik ga toch wandelen.

Dus also expresses a consequence. It can function as a coordinator or an adverb, so both dus ik blijf thuis and dus blijf ik thuis occur. Learn the two patterns rather than declaring that dus always requires one order.","Opening daarom or toch fills the first position and requires main-clause inversion; coordinating maar does not fill that position.","Het regent. Daarom neem ik de bus.","It is raining. That is why I am taking the bus.","Ik ben moe. Toch ga ik naar de les.","I am tired. Nevertheless, I am going to the lesson.","Write 'Daarom neem ik de bus', not 'Daarom ik neem de bus'.","Toch also has conversational particle uses. This lesson focuses on its explicit nevertheless meaning.","71","5","false"
"a2-something-adjective","A2","Saying something nice or nothing special","Adjectives","Describe something or nothing using iets/niets/wat followed by an adjective with -s.","Build common phrases such as iets leuks and niets nieuws.","After indefinite quantity words such as iets, niets and conversational wat, many adjectives take -s: iets moois, niets nieuws, wat lekkers. The phrase refers to a thing without naming a noun. It differs from an adjective before a stated noun, as in een mooi boek.

The ending is not a plural ending. Iets leuks can refer to one enjoyable thing. Put the adjective after iets or niets, and do not add an article between them. With negation, niets already means nothing; no additional niet is needed.

Learn frequent phrases first. Adjectives already ending in an s-sound and some uninflected adjective types need separate attention; this lesson does not claim that another written s is added to every possible adjective.","In common noun-free phrases after iets, niets or wat, add -s to an ordinary adjective: iets leuks, niets nieuws, wat lekkers.","Ik wil iets leuks doen.","I want to do something fun.","Er is niets nieuws.","There is nothing new.","Say 'iets leuks', not 'iets leuke'. This construction uses -s rather than the ordinary before-a-noun -e ending.","Forms such as iets fris already end in an s-sound and do not receive an extra written s. Material-adjective exceptions are best checked individually.","72","4","false"
